Concepto,SALDO ANTERIOR,SALDO NUEVO,CAMBIO
,851281020.9200023,-5665276293.990002,-6516557314.910004
